<?xml version="1.0" ?>
<!DOCTYPE NetSend SYSTEM "NetSend.dtd">
<!-- <!DOCTYPE NetSend SYSTEM "com/psycho/win/netsend/NetSend.dtd"> -->
 <NetSend name="Nico P." > 

    <List name="Atome" expanded="true">
      <Key name="Morvan Lemescam"     machine="mlemesca" /> <!-- lemescam -->
      <Key name="Flavien"             machine="fgateuil" />
      <Key name="Mathieu"             machine="mcaillat" />
      <Key name="Dominique"           machine="ddejean" /> <!-- fr-31-01-05-044 -->
      <Key name="Karine"              machine="kguiraud" />
	  <Key name="Christina Til-Lerin" machine="ctilleri" />
      <Key name="Eric Doutaves"       machine="edoutaves" />
    </List>

    <List name="Nectar">
      <Key name="JP Dufeu"          machine="jpdufeu" />
      <Key name="Ari Kambouris"     machine="akambouris" />
      <Key name="Gaelle Dussoulier" machine="gdussoulier" />
      <Key name="Natalia OLMOS"     machine="nolmos" />
      <Key name="jerome Chassard"     machine="jchassard" />

      <List name="Nectar V3">
        <Key name="Lise Pavard"             machine="lpavard" />
        <Key name="Vincent Robert"          machine="vrobert" />
        <Key name="Alain Marion"            machine="marion" />
        <Key name="Anatole Berteau"         machine="aberteau" />
        <Key name="Gerald JACOBSON"         machine="gjacobson" />
        <Key name="Jean-Eudes GABOURG"      machine="jgabourg" />
        <Key name="Laurent VERGNAUD"        machine="lvergnaud" />
        <Key name="Marie-Constance MALLARD" machine="mcmallard" />
        <Key name="Nicolas MORVAN"          machine="nmorvan" />
        <Key name="Ridha CHELGHAF"          machine="rchelghaf" /> <!-- fr-31-01-05-657 -->
      </List>
    </List>
    
    
    <List name="O3P"> <!-- Ordre : par bureau -->
      <Key name="Beatrice Demian"   machine="fr-31-01-05-142" />
      <Key name="Eric Velilla"      machine="fr-31-01-05-402" />
      <Key name="Mathieu Mascles"   machine="fr-31-01-05-394" />
      <Key name="David Soulier"     machine="fr-31-01-05-143" />
      <Key name="Delphine Ferrand"  machine="fr-31-01-05-397" />
      <Key name="Severine Diaz"     machine="fr-31-01-05-302" />
      <Key name="Francis Guillet"   machine="fr-31-01-05-145" />
      <Key name="Gilles Nouais"     machine="fr-31-01-05-401" />
      <Key name="Nadege Cueto"      machine="fr-31-01-05-399" />
      <Key name="Marc Deron"        machine="fr-31-01-05-193" />
      <List name="a400m">
        <Key name="Andre Elie"        machine="fr-31-01-05-400" />
        <Key name="Enrique Dumas"     machine="fr-31-01-05-395" />
        <Key name="Fabien Lameignere" machine="fr-31-01-05-144" />
        <Key name="Fabrice Gouaze"    machine="fr-31-01-05-396" />
        <Key name="Thomas Cappone"    machine="fr-31-01-05-398" />
        <Key name="Sebastien Maubert" machine="fr-31-01-05-267" />
        <Key name="Frederic Riviere"  machine="fr-31-01-05-403" />
      </List>
    </List>

    <List name="Divers" expanded="true"> <!-- Obsolete -->
      <Key name="Olive"   machine="ocrombee"/>
      <Key name="Zonzon"  machine="ymahe"/>
      <Key name="Vincent" machine="vbeauvillain"/>
      <Key name="Damien"  machine="dconstantin"/>
      <Key name="Cedric"  machine="ccarriere"/>
      <Key name="Remy"    machine="rbonne"/>
      <Key name="Nanard"  machine="blasnier"/>
    </List>

    <List name="Squash" expanded="true">
        <Key name="Biotonic"           machine="(05) 61 49 30 79" />
        <Key name="Gerald JACOBSON"    machine="gjacobson" />
        <Key name="Jean-Eudes GABOURG" machine="jgabourg" />
        <Key name="Ridha CHELGHAF"     machine="rchelghaf" /> <!-- fr-31-01-05-657 -->
    </List>
	

</NetSend>